<?xml version="1.0" encoding="ISO-8859-1"?>
	<!DOCTYPE mule-configuration PUBLIC "-//SymphonySoft //DTD mule-configuration XML V1.0//EN"
	                                "http://www.symphonysoft.com/dtds/mule/mule-configuration.dtd">
	
	<mule-configuration id="InjectionProblem" version="1.0">
	
	    <!-- embed Spring configuration to create a Jms Connection factory -->
	    <container-context className="org.mule.extras.spring.SpringContainerContext">
	        <properties>
	            <text-property name="configuration">
	                <![CDATA[
	<!DOCTYPE beans PUBLIC "-//SPRING//DTD BEAN//EN" "http://www.springframework.org/dtd/spring-beans.dtd">13	                <beans>
	                <bean id="jmsConnectionFactory"
	                    class="org.activemq.ActiveMQConnectionFactory">


	                    <property name="brokerURL"><value>vm://localhost</value></property>


	                    <property name="useEmbeddedBroker"><value>true</value></property>


	                    <property name="brokerContainerFactory">
	                        <bean id="bcf" class="org.activemq.broker.impl.BrokerContainerFactoryImpl">
	                            <constructor-arg index="0">
	                                <bean id="vmp" class="org.activemq.store.vm.VMPersistenceAdapter"/>
	                            </constructor-arg>
	                        </bean>
	                    </property>


	                </bean>
	                </beans>
	                ]]>
	            </text-property>
	        </properties>
	    </container-context>
	
	    <!-- Testing with ActiveMq -->
	    <connector name="jmsConnector" className="org.mule.providers.jms.JmsConnector">
	        <properties>
	            <container-property name="connectionFactory" reference="jmsConnectionFactory"/>
	            <property name="specification" value="1.1"/>
	        </properties>
	    </connector>
	
	    <!--
	        The Mule model initialises and manages your UMO components
	    -->
	    <model name="CorrelationTest">
	        <mule-descriptor name="pojo1"
	            implementation="org.mule.components.simple.EchoComponent">
	            <inbound-router>
	                <endpoint address="vm://pojo1" remoteSync="true" remoteSyncTimeout="10000"/>
	            </inbound-router>
	
	            <outbound-router>
	                <router className="org.mule.routing.outbound.OutboundPassThroughRouter" enableCorrelation="ALWAYS">
	                    <endpoint address="jms://pojo2"/>
	                </router>
	            </outbound-router>
	
	            <response-router timeout="7000">
	                <endpoint address="jms://response"/>
	                <router className="org.mule.routing.response.SingleResponseRouter"/>
	            </response-router>
	        </mule-descriptor>
	
	        <mule-descriptor name="pojo2"
	            implementation="org.mule.components.simple.EchoComponent">
	            <inbound-router>
	                <endpoint address="jms://pojo2"/>
	            </inbound-router>
	
                <outbound-router>
	                <router className="org.mule.routing.outbound.OutboundPassThroughRouter" enableCorrelation="IF_NOT_SET">
	                 <endpoint address="jms://pojo3"/>
	                 <reply-to address="jms://response"/>
	                </router>
	            </outbound-router>
	        </mule-descriptor>
	
	        <mule-descriptor name="pojo3"
	            implementation="org.mule.test.integration.service.TestReceiver">
	            <inbound-router>
	                <endpoint address="jms://pojo3"/>
	            </inbound-router>
	        </mule-descriptor>
	    </model>	
	</mule-configuration>
	
	
	
	